{"extensionType":"field_faas","i18nMap":{"zh-CN":{"label.fieldSelect.number":"请选择单号所在字段","label.fieldSelect.corporation":"请选择快递公司所在字段(查预计到达必填)","label.fieldSelect.phoneNumber":"请选择寄件或收件手机号所在字段(顺丰必填)","label.fieldSelect.toAddress":"请选择收件地址所在字段(查预计到达必填)","label.input.key":"请输入授权key","label.input.key.placeholder":"在快递100后台“查询与推送”中获取","label.input.customer":"请输入授权customer","label.input.secret":"请输入secret(查预计到达必填)","label.input.customer.placeholder":"在快递100后台“查询与推送”中获取","label.input.secret.placeholder":"如需要请在“快递预估实效”中获取","label.outField.latestStatus":"最新状态","label.outField.detailStatus":"详细状态","label.outField.latestDate":"最新更新日期","label.outField.latestLocation":"最新地点","label.outField.latestPosition":"最近经纬度","label.outField.historyRecord":"历史记录","label.outField.predictTime":"预计到达时间"},"en-US":{"label.fieldSelect.number":"Please select the field where the single number is located","label.fieldSelect.corporation":"Please select the field where the express company is located","label.fieldSelect.phoneNumber":"Please select the field where the phone number (sender or recipient) is located","label.fieldSelect.toAddress":"Please select the field where the recipient address is located","label.input.key":"Enter the authorization key","label.input.key.placeholder":"Get it from the Query and push in the Express 100","label.input.customer":"Enter the authorization customer","label.input.secret":"Enter the secret (required for checking the estimated arrival time)","label.input.customer.placeholder":"Get it from the Query and push in the Express 100","label.input.secret.placeholder":"Get it from the Express Estimate Efficiency if needed","label.outField.latestStatus":"Latest status","label.outField.detailStatus":"Detailed status","label.outField.latestDate":"Latest update date","label.outField.latestLocation":"Latest location","label.outField.latestPosition":"Latest Latitude and longitude","label.outField.historyRecord":"History record","label.outField.predictTime":"Estimated arrival time"},"ja-JP":{"label.fieldSelect.number":"単号のフィールドを選択してください","label.fieldSelect.corporation":"物流会社のフィールドを選択してください","label.fieldSelect.phoneNumber":"寄送先または送信者の携帯電話番号のフィールドを選択してください","label.fieldSelect.toAddress":"送信先住所のフィールドを選択してください","label.input.key":"認証キーを入力してください","label.input.key.placeholder":"快適100「クエリとプッシュ」から取得","label.input.customer":"認証顧客を入力してください","label.input.secret":"秘密を入力してください（到着予定時刻の確認に必要）","label.input.customer.placeholder":"快適100「クエリとプッシュ」から取得","label.input.secret.placeholder":"必要な場合は、快適な到着時刻から取得","label.outField.latestStatus":"最新のステータス","label.outField.detailStatus":"詳細ステータス","label.outField.latestDate":"最新の更新日","label.outField.latestLocation":"最新の地点","label.outField.latestPosition":"最新の位置","label.outField.historyRecord":"歴史記録","label.outField.predictTime":"到着予定時刻"}},"fields":[{"fieldType":25,"uiSchema":{"fieldsConfigEditor":{"component":"OpenFieldMetaEditor","props":{"schema":{"items":[{"key":"number","label":"${{label.fieldSelect.number}}","component":"FieldSelect","props":{"supportType":[1]},"validator":{"required":true}},{"key":"corporation","label":"${{label.fieldSelect.corporation}}","component":"FieldSelect","props":{"supportType":[1]},"validator":{"required":false}},{"key":"phoneNumber","label":"${{label.fieldSelect.phoneNumber}}","component":"FieldSelect","props":{"supportType":[2]},"validator":{"required":false}},{"key":"toAddress","label":"${{label.fieldSelect.toAddress}}","component":"FieldSelect","props":{"supportType":[1]},"validator":{"required":false}},{"key":"key","label":"${{label.input.key}}","component":"Text","props":{"placeholder":"${{label.input.key.placeholder}}"},"validator":{"required":true},"tooltips":[{"type":"text","content":"快递信息查询key获取指南"},{"type":"link","text":"点我跳转","link":"https://bytedance.larkoffice.com/wiki/XHbqwRwSQiw8GwkeDHecHlexnSb"}]},{"key":"customer","label":"${{label.input.customer}}","component":"Text","props":{"placeholder":"${{label.input.customer.placeholder}}"},"validator":{"required":true}},{"key":"secret","label":"${{label.input.secret}}","component":"Text","props":{"placeholder":"${{label.input.secret.placeholder}}"},"validator":{"required":false}}]}}}},"presetFieldConfig":{"fieldProperty":{"propertyType":25,"icon":{"light":"https://lf3-static.bytednsdoc.com/obj/eden-cn/abjayvoz/ljhwZthlaukjlkulzlp/2024q3/kuaidi.png?x-resource-account=public"},"properties":[{"key":"primaryProperty","title":"${{label.outField.latestStatus}}","propertyType":1},{"key":"id","title":"${{label.outField.latestStatus}}","propertyType":1,"hidden":true},{"key":"detailStatus","title":"${{label.outField.detailStatus}}","propertyType":1},{"key":"latestDate","title":"${{label.outField.latestDate}}","propertyType":5},{"key":"latestLocation","title":"${{label.outField.latestLocation}}","propertyType":1},{"key":"latestPosition","title":"${{label.outField.latestPosition}}","propertyType":1},{"key":"historyRecord","title":"${{label.outField.historyRecord}}","propertyType":1},{"key":"predictTime","title":"${{label.outField.predictTime}}","propertyType":5}]},"externalEditorConfig":{}}}]}